file,line,type,commit,author,date,time,timezone,datetime,depth,length
style.css,1,css,12ed31be,jacsea,2025-10-08,19:15:16,-07:00,2025-10-08T19:15:16-07:00,0,5
style.css,2,css,a629860a,jacsea,2025-10-17,16:11:00,-07:00,2025-10-17T16:11:00-07:00,1,31
style.css,3,css,a629860a,jacsea,2025-10-17,16:11:00,-07:00,2025-10-17T16:11:00-07:00,1,23
style.css,4,css,12ed31be,jacsea,2025-10-08,19:15:16,-07:00,2025-10-08T19:15:16-07:00,0,0
style.css,5,css,12ed31be,jacsea,2025-10-08,19:15:16,-07:00,2025-10-08T19:15:16-07:00,0,0
style.css,6,css,84b9392d,jacsea,2025-10-03,15:07:29,-07:00,2025-10-03T15:07:29-07:00,0,4
style.css,7,css,84b9392d,jacsea,2025-10-03,15:07:29,-07:00,2025-10-03T15:07:29-07:00,1,43
style.css,8,css,84b9392d,jacsea,2025-10-03,15:07:29,-07:00,2025-10-03T15:07:29-07:00,0,42
style.css,9,css,84b9392d,jacsea,2025-10-03,15:07:29,-07:00,2025-10-03T15:07:29-07:00,0,0
style.css,10,css,84b9392d,jacsea,2025-10-03,15:07:29,-07:00,2025-10-03T15:07:29-07:00,1,23
style.css,11,css,12ed31be,jacsea,2025-10-08,19:15:16,-07:00,2025-10-08T19:15:16-07:00,1,15
style.css,12,css,12ed31be,jacsea,2025-10-08,19:15:16,-07:00,2025-10-08T19:15:16-07:00,1,18
style.css,13,css,12ed31be,jacsea,2025-10-08,19:15:16,-07:00,2025-10-08T19:15:16-07:00,1,12
style.css,14,css,12ed31be,jacsea,2025-10-08,19:15:16,-07:00,2025-10-08T19:15:16-07:00,1,32
style.css,15,css,12ed31be,jacsea,2025-10-08,19:15:16,-07:00,2025-10-08T19:15:16-07:00,0,0
style.css,16,css,12ed31be,jacsea,2025-10-08,19:15:16,-07:00,2025-10-08T19:15:16-07:00,0,0
style.css,17,css,12ed31be,jacsea,2025-10-08,19:15:16,-07:00,2025-10-08T19:15:16-07:00,0,3
style.css,18,css,12ed31be,jacsea,2025-10-08,19:15:16,-07:00,2025-10-08T19:15:16-07:00,1,12
style.css,19,css,12ed31be,jacsea,2025-10-08,19:15:16,-07:00,2025-10-08T19:15:16-07:00,1,18
style.css,20,css,12ed31be,jacsea,2025-10-08,19:15:16,-07:00,2025-10-08T19:15:16-07:00,1,23
style.css,21,css,12ed31be,jacsea,2025-10-08,19:15:16,-07:00,2025-10-08T19:15:16-07:00,1,25
style.css,22,css,a629860a,jacsea,2025-10-17,16:11:00,-07:00,2025-10-17T16:11:00-07:00,1,44
style.css,23,css,12ed31be,jacsea,2025-10-08,19:15:16,-07:00,2025-10-08T19:15:16-07:00,0,0
style.css,24,css,12ed31be,jacsea,2025-10-08,19:15:16,-07:00,2025-10-08T19:15:16-07:00,0,0
style.css,25,css,12ed31be,jacsea,2025-10-08,19:15:16,-07:00,2025-10-08T19:15:16-07:00,0,6
style.css,26,css,12ed31be,jacsea,2025-10-08,19:15:16,-07:00,2025-10-08T19:15:16-07:00,1,15
style.css,27,css,12ed31be,jacsea,2025-10-08,19:15:16,-07:00,2025-10-08T19:15:16-07:00,0,0
style.css,28,css,12ed31be,jacsea,2025-10-08,19:15:16,-07:00,2025-10-08T19:15:16-07:00,0,0
style.css,29,css,12ed31be,jacsea,2025-10-08,19:15:16,-07:00,2025-10-08T19:15:16-07:00,0,9
style.css,30,css,12ed31be,jacsea,2025-10-08,19:15:16,-07:00,2025-10-08T19:15:16-07:00,1,15
style.css,31,css,12ed31be,jacsea,2025-10-08,19:15:16,-07:00,2025-10-08T19:15:16-07:00,0,0
style.css,32,css,12ed31be,jacsea,2025-10-08,19:15:16,-07:00,2025-10-08T19:15:16-07:00,0,0
style.css,33,css,12ed31be,jacsea,2025-10-08,19:15:16,-07:00,2025-10-08T19:15:16-07:00,0,4
style.css,34,css,12ed31be,jacsea,2025-10-08,19:15:16,-07:00,2025-10-08T19:15:16-07:00,1,12
style.css,35,css,12ed31be,jacsea,2025-10-08,19:15:16,-07:00,2025-10-08T19:15:16-07:00,1,30
style.css,36,css,12ed31be,jacsea,2025-10-08,19:15:16,-07:00,2025-10-08T19:15:16-07:00,1,7
style.css,37,css,12ed31be,jacsea,2025-10-08,19:15:16,-07:00,2025-10-08T19:15:16-07:00,0,0
style.css,38,css,12ed31be,jacsea,2025-10-08,19:15:16,-07:00,2025-10-08T19:15:16-07:00,0,0
style.css,39,css,12ed31be,jacsea,2025-10-08,19:15:16,-07:00,2025-10-08T19:15:16-07:00,0,5
style.css,40,css,12ed31be,jacsea,2025-10-08,19:15:16,-07:00,2025-10-08T19:15:16-07:00,1,12
style.css,41,css,12ed31be,jacsea,2025-10-08,19:15:16,-07:00,2025-10-08T19:15:16-07:00,1,29
style.css,42,css,12ed31be,jacsea,2025-10-08,19:15:16,-07:00,2025-10-08T19:15:16-07:00,1,18
style.css,43,css,12ed31be,jacsea,2025-10-08,19:15:16,-07:00,2025-10-08T19:15:16-07:00,0,0
style.css,44,css,12ed31be,jacsea,2025-10-08,19:15:16,-07:00,2025-10-08T19:15:16-07:00,0,0
style.css,45,css,12ed31be,jacsea,2025-10-08,19:15:16,-07:00,2025-10-08T19:15:16-07:00,0,5
style.css,46,css,12ed31be,jacsea,2025-10-08,19:15:16,-07:00,2025-10-08T19:15:16-07:00,1,11
style.css,47,css,12ed31be,jacsea,2025-10-08,19:15:16,-07:00,2025-10-08T19:15:16-07:00,0,0
style.css,48,css,12ed31be,jacsea,2025-10-08,19:15:16,-07:00,2025-10-08T19:15:16-07:00,0,0
style.css,49,css,12ed31be,jacsea,2025-10-08,19:15:16,-07:00,2025-10-08T19:15:16-07:00,0,8
style.css,50,css,12ed31be,jacsea,2025-10-08,19:15:16,-07:00,2025-10-08T19:15:16-07:00,1,11
style.css,51,css,12ed31be,jacsea,2025-10-08,19:15:16,-07:00,2025-10-08T19:15:16-07:00,0,0
style.css,52,css,12ed31be,jacsea,2025-10-08,19:15:16,-07:00,2025-10-08T19:15:16-07:00,0,0
style.css,53,css,12ed31be,jacsea,2025-10-08,19:15:16,-07:00,2025-10-08T19:15:16-07:00,0,6
style.css,54,css,12ed31be,jacsea,2025-10-08,19:15:16,-07:00,2025-10-08T19:15:16-07:00,1,12
style.css,55,css,12ed31be,jacsea,2025-10-08,19:15:16,-07:00,2025-10-08T19:15:16-07:00,1,18
style.css,56,css,12ed31be,jacsea,2025-10-08,19:15:16,-07:00,2025-10-08T19:15:16-07:00,0,0
style.css,57,css,12ed31be,jacsea,2025-10-08,19:15:16,-07:00,2025-10-08T19:15:16-07:00,0,0
style.css,58,css,a629860a,jacsea,2025-10-17,16:11:00,-07:00,2025-10-17T16:11:00-07:00,0,6
style.css,59,css,a629860a,jacsea,2025-10-17,16:11:00,-07:00,2025-10-17T16:11:00-07:00,1,12
style.css,60,css,a629860a,jacsea,2025-10-17,16:11:00,-07:00,2025-10-17T16:11:00-07:00,0,0
style.css,61,css,a629860a,jacsea,2025-10-17,16:11:00,-07:00,2025-10-17T16:11:00-07:00,0,0
style.css,62,css,12ed31be,jacsea,2025-10-08,19:15:16,-07:00,2025-10-08T19:15:16-07:00,0,8
style.css,63,css,12ed31be,jacsea,2025-10-08,19:15:16,-07:00,2025-10-08T19:15:16-07:00,1,6
style.css,64,css,12ed31be,jacsea,2025-10-08,19:15:16,-07:00,2025-10-08T19:15:16-07:00,1,20
style.css,65,css,12ed31be,jacsea,2025-10-08,19:15:16,-07:00,2025-10-08T19:15:16-07:00,1,13
style.css,66,css,12ed31be,jacsea,2025-10-08,19:15:16,-07:00,2025-10-08T19:15:16-07:00,1,17
style.css,67,css,12ed31be,jacsea,2025-10-08,19:15:16,-07:00,2025-10-08T19:15:16-07:00,1,16
style.css,68,css,12ed31be,jacsea,2025-10-08,19:15:16,-07:00,2025-10-08T19:15:16-07:00,1,13
style.css,69,css,12ed31be,jacsea,2025-10-08,19:15:16,-07:00,2025-10-08T19:15:16-07:00,1,25
style.css,70,css,12ed31be,jacsea,2025-10-08,19:15:16,-07:00,2025-10-08T19:15:16-07:00,1,25
style.css,71,css,a629860a,jacsea,2025-10-17,16:11:00,-07:00,2025-10-17T16:11:00-07:00,1,44
style.css,72,css,12ed31be,jacsea,2025-10-08,19:15:16,-07:00,2025-10-08T19:15:16-07:00,1,20
style.css,73,css,12ed31be,jacsea,2025-10-08,19:15:16,-07:00,2025-10-08T19:15:16-07:00,0,0
style.css,74,css,12ed31be,jacsea,2025-10-08,19:15:16,-07:00,2025-10-08T19:15:16-07:00,0,0
style.css,75,css,12ed31be,jacsea,2025-10-08,19:15:16,-07:00,2025-10-08T19:15:16-07:00,0,11
style.css,76,css,12ed31be,jacsea,2025-10-08,19:15:16,-07:00,2025-10-08T19:15:16-07:00,1,6
style.css,77,css,12ed31be,jacsea,2025-10-08,19:15:16,-07:00,2025-10-08T19:15:16-07:00,1,20
style.css,78,css,12ed31be,jacsea,2025-10-08,19:15:16,-07:00,2025-10-08T19:15:16-07:00,1,13
style.css,79,css,12ed31be,jacsea,2025-10-08,19:15:16,-07:00,2025-10-08T19:15:16-07:00,1,17
style.css,80,css,12ed31be,jacsea,2025-10-08,19:15:16,-07:00,2025-10-08T19:15:16-07:00,1,13
style.css,81,css,12ed31be,jacsea,2025-10-08,19:15:16,-07:00,2025-10-08T19:15:16-07:00,0,0
style.css,82,css,12ed31be,jacsea,2025-10-08,19:15:16,-07:00,2025-10-08T19:15:16-07:00,0,0
style.css,83,css,12ed31be,jacsea,2025-10-08,19:15:16,-07:00,2025-10-08T19:15:16-07:00,0,17
style.css,84,css,12ed31be,jacsea,2025-10-08,19:15:16,-07:00,2025-10-08T19:15:16-07:00,1,25
style.css,85,css,12ed31be,jacsea,2025-10-08,19:15:16,-07:00,2025-10-08T19:15:16-07:00,1,25
style.css,86,css,12ed31be,jacsea,2025-10-08,19:15:16,-07:00,2025-10-08T19:15:16-07:00,1,39
style.css,87,css,a629860a,jacsea,2025-10-17,16:11:00,-07:00,2025-10-17T16:11:00-07:00,1,69
style.css,88,css,12ed31be,jacsea,2025-10-08,19:15:16,-07:00,2025-10-08T19:15:16-07:00,1,20
style.css,89,css,12ed31be,jacsea,2025-10-08,19:15:16,-07:00,2025-10-08T19:15:16-07:00,0,0
style.css,90,css,12ed31be,jacsea,2025-10-08,19:15:16,-07:00,2025-10-08T19:15:16-07:00,0,0
style.css,91,css,12ed31be,jacsea,2025-10-08,19:15:16,-07:00,2025-10-08T19:15:16-07:00,0,8
style.css,92,css,12ed31be,jacsea,2025-10-08,19:15:16,-07:00,2025-10-08T19:15:16-07:00,1,12
style.css,93,css,12ed31be,jacsea,2025-10-08,19:15:16,-07:00,2025-10-08T19:15:16-07:00,1,58
style.css,94,css,12ed31be,jacsea,2025-10-08,19:15:16,-07:00,2025-10-08T19:15:16-07:00,1,7
style.css,95,css,12ed31be,jacsea,2025-10-08,19:15:16,-07:00,2025-10-08T19:15:16-07:00,0,0
style.css,96,css,12ed31be,jacsea,2025-10-08,19:15:16,-07:00,2025-10-08T19:15:16-07:00,0,0
style.css,97,css,733c1846,jacsea,2025-10-24,21:44:45,-07:00,2025-10-24T21:44:45-07:00,0,13
style.css,98,css,733c1846,jacsea,2025-10-24,21:44:45,-07:00,2025-10-24T21:44:45-07:00,1,10
style.css,99,css,733c1846,jacsea,2025-10-24,21:44:45,-07:00,2025-10-24T21:44:45-07:00,1,11
style.css,100,css,733c1846,jacsea,2025-10-24,21:44:45,-07:00,2025-10-24T21:44:45-07:00,1,13
style.css,101,css,ec25ec18,jacsea,2025-10-31,16:26:24,-07:00,2025-10-31T16:26:24-07:00,1,8
style.css,102,css,733c1846,jacsea,2025-10-24,21:44:45,-07:00,2025-10-24T21:44:45-07:00,0,0
style.css,103,css,733c1846,jacsea,2025-10-24,21:44:45,-07:00,2025-10-24T21:44:45-07:00,0,0
style.css,104,css,12ed31be,jacsea,2025-10-08,19:15:16,-07:00,2025-10-08T19:15:16-07:00,0,7
style.css,105,css,12ed31be,jacsea,2025-10-08,19:15:16,-07:00,2025-10-08T19:15:16-07:00,1,12
style.css,106,css,ec25ec18,jacsea,2025-10-31,16:26:24,-07:00,2025-10-31T16:26:24-07:00,1,66
style.css,107,css,ec25ec18,jacsea,2025-10-31,16:26:24,-07:00,2025-10-31T16:26:24-07:00,1,10
style.css,108,css,ec25ec18,jacsea,2025-10-31,16:26:24,-07:00,2025-10-31T16:26:24-07:00,1,17
style.css,109,css,ec25ec18,jacsea,2025-10-31,16:26:24,-07:00,2025-10-31T16:26:24-07:00,1,10
style.css,110,css,ec25ec18,jacsea,2025-10-31,16:26:24,-07:00,2025-10-31T16:26:24-07:00,0,0
style.css,111,css,ec25ec18,jacsea,2025-10-31,16:26:24,-07:00,2025-10-31T16:26:24-07:00,0,0
style.css,112,css,ec25ec18,jacsea,2025-10-31,16:26:24,-07:00,2025-10-31T16:26:24-07:00,0,13
style.css,113,css,ec25ec18,jacsea,2025-10-31,16:26:24,-07:00,2025-10-31T16:26:24-07:00,1,8
style.css,114,css,ec25ec18,jacsea,2025-10-31,16:26:24,-07:00,2025-10-31T16:26:24-07:00,1,17
style.css,115,css,ec25ec18,jacsea,2025-10-31,16:26:24,-07:00,2025-10-31T16:26:24-07:00,1,29
style.css,116,css,ec25ec18,jacsea,2025-10-31,16:26:24,-07:00,2025-10-31T16:26:24-07:00,1,15
style.css,117,css,ec25ec18,jacsea,2025-10-31,16:26:24,-07:00,2025-10-31T16:26:24-07:00,1,25
style.css,118,css,ec25ec18,jacsea,2025-10-31,16:26:24,-07:00,2025-10-31T16:26:24-07:00,1,34
style.css,119,css,12ed31be,jacsea,2025-10-08,19:15:16,-07:00,2025-10-08T19:15:16-07:00,0,0
style.css,120,css,12ed31be,jacsea,2025-10-08,19:15:16,-07:00,2025-10-08T19:15:16-07:00,0,0
style.css,121,css,12ed31be,jacsea,2025-10-08,19:15:16,-07:00,2025-10-08T19:15:16-07:00,0,9
style.css,122,css,12ed31be,jacsea,2025-10-08,19:15:16,-07:00,2025-10-08T19:15:16-07:00,1,7
style.css,123,css,12ed31be,jacsea,2025-10-08,19:15:16,-07:00,2025-10-08T19:15:16-07:00,0,0
style.css,124,css,12ed31be,jacsea,2025-10-08,19:15:16,-07:00,2025-10-08T19:15:16-07:00,0,0
style.css,125,css,12ed31be,jacsea,2025-10-08,19:15:16,-07:00,2025-10-08T19:15:16-07:00,0,2
style.css,126,css,12ed31be,jacsea,2025-10-08,19:15:16,-07:00,2025-10-08T19:15:16-07:00,1,14
style.css,127,css,12ed31be,jacsea,2025-10-08,19:15:16,-07:00,2025-10-08T19:15:16-07:00,0,0
style.css,128,css,12ed31be,jacsea,2025-10-08,19:15:16,-07:00,2025-10-08T19:15:16-07:00,0,0
style.css,129,css,12ed31be,jacsea,2025-10-08,19:15:16,-07:00,2025-10-08T19:15:16-07:00,0,21
style.css,130,css,12ed31be,jacsea,2025-10-08,19:15:16,-07:00,2025-10-08T19:15:16-07:00,1,15
style.css,131,css,12ed31be,jacsea,2025-10-08,19:15:16,-07:00,2025-10-08T19:15:16-07:00,1,17
style.css,132,css,a629860a,jacsea,2025-10-17,16:11:00,-07:00,2025-10-17T16:11:00-07:00,0,0
style.css,133,css,a629860a,jacsea,2025-10-17,16:11:00,-07:00,2025-10-17T16:11:00-07:00,0,0
style.css,134,css,a629860a,jacsea,2025-10-17,16:11:00,-07:00,2025-10-17T16:11:00-07:00,0,13
style.css,135,css,a629860a,jacsea,2025-10-17,16:11:00,-07:00,2025-10-17T16:11:00-07:00,1,17
style.css,136,css,a629860a,jacsea,2025-10-17,16:11:00,-07:00,2025-10-17T16:11:00-07:00,1,8
style.css,137,css,a629860a,jacsea,2025-10-17,16:11:00,-07:00,2025-10-17T16:11:00-07:00,1,11
style.css,138,css,a629860a,jacsea,2025-10-17,16:11:00,-07:00,2025-10-17T16:11:00-07:00,1,13
style.css,139,css,733c1846,jacsea,2025-10-24,21:44:45,-07:00,2025-10-24T21:44:45-07:00,0,0
style.css,140,css,733c1846,jacsea,2025-10-24,21:44:45,-07:00,2025-10-24T21:44:45-07:00,0,0
style.css,141,css,733c1846,jacsea,2025-10-24,21:44:45,-07:00,2025-10-24T21:44:45-07:00,0,17
style.css,142,css,733c1846,jacsea,2025-10-24,21:44:45,-07:00,2025-10-24T21:44:45-07:00,1,12
style.css,143,css,733c1846,jacsea,2025-10-24,21:44:45,-07:00,2025-10-24T21:44:45-07:00,1,36
style.css,144,css,733c1846,jacsea,2025-10-24,21:44:45,-07:00,2025-10-24T21:44:45-07:00,1,18
style.css,145,css,733c1846,jacsea,2025-10-24,21:44:45,-07:00,2025-10-24T21:44:45-07:00,0,0
style.css,146,css,733c1846,jacsea,2025-10-24,21:44:45,-07:00,2025-10-24T21:44:45-07:00,0,0
style.css,147,css,733c1846,jacsea,2025-10-24,21:44:45,-07:00,2025-10-24T21:44:45-07:00,0,17
style.css,148,css,733c1846,jacsea,2025-10-24,21:44:45,-07:00,2025-10-24T21:44:45-07:00,1,10
style.css,149,css,733c1846,jacsea,2025-10-24,21:44:45,-07:00,2025-10-24T21:44:45-07:00,1,17
style.css,150,css,733c1846,jacsea,2025-10-24,21:44:45,-07:00,2025-10-24T21:44:45-07:00,1,13
style.css,151,css,733c1846,jacsea,2025-10-24,21:44:45,-07:00,2025-10-24T21:44:45-07:00,0,0
style.css,152,css,733c1846,jacsea,2025-10-24,21:44:45,-07:00,2025-10-24T21:44:45-07:00,0,0
style.css,153,css,733c1846,jacsea,2025-10-24,21:44:45,-07:00,2025-10-24T21:44:45-07:00,0,17
style.css,154,css,733c1846,jacsea,2025-10-24,21:44:45,-07:00,2025-10-24T21:44:45-07:00,1,10
style.css,155,css,733c1846,jacsea,2025-10-24,21:44:45,-07:00,2025-10-24T21:44:45-07:00,1,17
style.css,156,css,733c1846,jacsea,2025-10-24,21:44:45,-07:00,2025-10-24T21:44:45-07:00,1,8
style.css,157,css,ec25ec18,jacsea,2025-10-31,16:26:24,-07:00,2025-10-31T16:26:24-07:00,0,0
style.css,158,css,ec25ec18,jacsea,2025-10-31,16:26:24,-07:00,2025-10-31T16:26:24-07:00,0,0
style.css,159,css,ec25ec18,jacsea,2025-10-31,16:26:24,-07:00,2025-10-31T16:26:24-07:00,0,18
style.css,160,css,ec25ec18,jacsea,2025-10-31,16:26:24,-07:00,2025-10-31T16:26:24-07:00,1,14
style.css,161,css,ec25ec18,jacsea,2025-10-31,16:26:24,-07:00,2025-10-31T16:26:24-07:00,1,16
style.css,162,css,ec25ec18,jacsea,2025-10-31,16:26:24,-07:00,2025-10-31T16:26:24-07:00,1,16
style.css,163,css,ec25ec18,jacsea,2025-10-31,16:26:24,-07:00,2025-10-31T16:26:24-07:00,0,0
style.css,164,css,ec25ec18,jacsea,2025-10-31,16:26:24,-07:00,2025-10-31T16:26:24-07:00,0,0
style.css,165,css,ec25ec18,jacsea,2025-10-31,16:26:24,-07:00,2025-10-31T16:26:24-07:00,0,7
style.css,166,css,ec25ec18,jacsea,2025-10-31,16:26:24,-07:00,2025-10-31T16:26:24-07:00,1,12
style.css,167,css,ec25ec18,jacsea,2025-10-31,16:26:24,-07:00,2025-10-31T16:26:24-07:00,1,57
style.css,168,css,ec25ec18,jacsea,2025-10-31,16:26:24,-07:00,2025-10-31T16:26:24-07:00,1,7
style.css,169,css,ec25ec18,jacsea,2025-10-31,16:26:24,-07:00,2025-10-31T16:26:24-07:00,1,11
style.css,170,css,ec25ec18,jacsea,2025-10-31,16:26:24,-07:00,2025-10-31T16:26:24-07:00,1,40
style.css,171,css,ec25ec18,jacsea,2025-10-31,16:26:24,-07:00,2025-10-31T16:26:24-07:00,1,19
style.css,172,css,ec25ec18,jacsea,2025-10-31,16:26:24,-07:00,2025-10-31T16:26:24-07:00,1,6
style.css,173,css,ec25ec18,jacsea,2025-10-31,16:26:24,-07:00,2025-10-31T16:26:24-07:00,0,0
style.css,174,css,ec25ec18,jacsea,2025-10-31,16:26:24,-07:00,2025-10-31T16:26:24-07:00,0,0
style.css,175,css,ec25ec18,jacsea,2025-10-31,16:26:24,-07:00,2025-10-31T16:26:24-07:00,0,12
style.css,176,css,ec25ec18,jacsea,2025-10-31,16:26:24,-07:00,2025-10-31T16:26:24-07:00,1,12
style.css,177,css,ec25ec18,jacsea,2025-10-31,16:26:24,-07:00,2025-10-31T16:26:24-07:00,1,18
style.css,178,css,ec25ec18,jacsea,2025-10-31,16:26:24,-07:00,2025-10-31T16:26:24-07:00,1,9
style.css,179,css,ec25ec18,jacsea,2025-10-31,16:26:24,-07:00,2025-10-31T16:26:24-07:00,1,16
style.css,180,css,ec25ec18,jacsea,2025-10-31,16:26:24,-07:00,2025-10-31T16:26:24-07:00,0,0
style.css,181,css,ec25ec18,jacsea,2025-10-31,16:26:24,-07:00,2025-10-31T16:26:24-07:00,0,0
style.css,182,css,ec25ec18,jacsea,2025-10-31,16:26:24,-07:00,2025-10-31T16:26:24-07:00,0,20
style.css,183,css,ec25ec18,jacsea,2025-10-31,16:26:24,-07:00,2025-10-31T16:26:24-07:00,1,20
style.css,184,css,ec25ec18,jacsea,2025-10-31,16:26:24,-07:00,2025-10-31T16:26:24-07:00,1,9
style.css,185,css,ec25ec18,jacsea,2025-10-31,16:26:24,-07:00,2025-10-31T16:26:24-07:00,1,10
style.css,186,css,ec25ec18,jacsea,2025-10-31,16:26:24,-07:00,2025-10-31T16:26:24-07:00,1,18
style.css,187,css,ec25ec18,jacsea,2025-10-31,16:26:24,-07:00,2025-10-31T16:26:24-07:00,1,29
style.css,188,css,ec25ec18,jacsea,2025-10-31,16:26:24,-07:00,2025-10-31T16:26:24-07:00,1,17
style.css,189,css,ec25ec18,jacsea,2025-10-31,16:26:24,-07:00,2025-10-31T16:26:24-07:00,1,40
style.css,190,css,ec25ec18,jacsea,2025-10-31,16:26:24,-07:00,2025-10-31T16:26:24-07:00,0,0
style.css,191,css,ec25ec18,jacsea,2025-10-31,16:26:24,-07:00,2025-10-31T16:26:24-07:00,0,0
style.css,192,css,ec25ec18,jacsea,2025-10-31,16:26:24,-07:00,2025-10-31T16:26:24-07:00,0,9
style.css,193,css,ec25ec18,jacsea,2025-10-31,16:26:24,-07:00,2025-10-31T16:26:24-07:00,1,12
style.css,194,css,ec25ec18,jacsea,2025-10-31,16:26:24,-07:00,2025-10-31T16:26:24-07:00,1,7
style.css,195,css,ec25ec18,jacsea,2025-10-31,16:26:24,-07:00,2025-10-31T16:26:24-07:00,1,18
style.css,196,css,ec25ec18,jacsea,2025-10-31,16:26:24,-07:00,2025-10-31T16:26:24-07:00,0,0
style.css,197,css,ec25ec18,jacsea,2025-10-31,16:26:24,-07:00,2025-10-31T16:26:24-07:00,0,0
style.css,198,css,ec25ec18,jacsea,2025-10-31,16:26:24,-07:00,2025-10-31T16:26:24-07:00,0,4
style.css,199,css,ec25ec18,jacsea,2025-10-31,16:26:24,-07:00,2025-10-31T16:26:24-07:00,1,24
style.css,200,css,ec25ec18,jacsea,2025-10-31,16:26:24,-07:00,2025-10-31T16:26:24-07:00,1,14
style.css,201,css,ec25ec18,jacsea,2025-10-31,16:26:24,-07:00,2025-10-31T16:26:24-07:00,0,0
style.css,202,css,ec25ec18,jacsea,2025-10-31,16:26:24,-07:00,2025-10-31T16:26:24-07:00,0,0
style.css,203,css,ec25ec18,jacsea,2025-10-31,16:26:24,-07:00,2025-10-31T16:26:24-07:00,0,34
style.css,204,css,ec25ec18,jacsea,2025-10-31,16:26:24,-07:00,2025-10-31T16:26:24-07:00,1,11
style.css,205,css,ec25ec18,jacsea,2025-10-31,16:26:24,-07:00,2025-10-31T16:26:24-07:00,0,0
style.css,206,css,ec25ec18,jacsea,2025-10-31,16:26:24,-07:00,2025-10-31T16:26:24-07:00,0,0
style.css,207,css,ec25ec18,jacsea,2025-10-31,16:26:24,-07:00,2025-10-31T16:26:24-07:00,0,9
style.css,208,css,ec25ec18,jacsea,2025-10-31,16:26:24,-07:00,2025-10-31T16:26:24-07:00,1,35
style.css,209,css,ec25ec18,jacsea,2025-10-31,16:26:24,-07:00,2025-10-31T16:26:24-07:00,0,0
style.css,210,css,ec25ec18,jacsea,2025-10-31,16:26:24,-07:00,2025-10-31T16:26:24-07:00,1,10
style.css,211,css,ec25ec18,jacsea,2025-10-31,16:26:24,-07:00,2025-10-31T16:26:24-07:00,2,17
style.css,212,css,ec25ec18,jacsea,2025-10-31,16:26:24,-07:00,2025-10-31T16:26:24-07:00,1,0
style.css,213,css,84b9392d,jacsea,2025-10-03,15:07:29,-07:00,2025-10-03T15:07:29-07:00,0,0
resume.html,1,html,d342f457,jacsea,2025-10-03,18:04:00,-07:00,2025-10-03T18:04:00-07:00,0,13
resume.html,2,html,d342f457,jacsea,2025-10-03,18:04:00,-07:00,2025-10-03T18:04:00-07:00,0,14
resume.html,3,html,d342f457,jacsea,2025-10-03,18:04:00,-07:00,2025-10-03T18:04:00-07:00,0,4
resume.html,4,html,d342f457,jacsea,2025-10-03,18:04:00,-07:00,2025-10-03T18:04:00-07:00,2,20
resume.html,5,html,d342f457,jacsea,2025-10-03,18:04:00,-07:00,2025-10-03T18:04:00-07:00,2,68
resume.html,6,html,12ed31be,jacsea,2025-10-08,19:15:16,-07:00,2025-10-08T19:15:16-07:00,2,19
resume.html,7,html,d342f457,jacsea,2025-10-03,18:04:00,-07:00,2025-10-03T18:04:00-07:00,2,40
resume.html,8,html,a629860a,jacsea,2025-10-17,16:11:00,-07:00,2025-10-17T16:11:00-07:00,2,45
resume.html,9,html,d342f457,jacsea,2025-10-03,18:04:00,-07:00,2025-10-03T18:04:00-07:00,0,5
resume.html,10,html,d342f457,jacsea,2025-10-03,18:04:00,-07:00,2025-10-03T18:04:00-07:00,0,0
resume.html,11,html,a629860a,jacsea,2025-10-17,16:11:00,-07:00,2025-10-17T16:11:00-07:00,0,4
resume.html,12,html,d342f457,jacsea,2025-10-03,18:04:00,-07:00,2025-10-03T18:04:00-07:00,2,13
resume.html,13,html,d342f457,jacsea,2025-10-03,18:04:00,-07:00,2025-10-03T18:04:00-07:00,2,7
resume.html,14,html,d342f457,jacsea,2025-10-03,18:04:00,-07:00,2025-10-03T18:04:00-07:00,4,21
resume.html,15,html,d342f457,jacsea,2025-10-03,18:04:00,-07:00,2025-10-03T18:04:00-07:00,4,1
resume.html,16,html,d342f457,jacsea,2025-10-03,18:04:00,-07:00,2025-10-03T18:04:00-07:00,6,114
resume.html,17,html,d342f457,jacsea,2025-10-03,18:04:00,-07:00,2025-10-03T18:04:00-07:00,6,123
resume.html,18,html,d342f457,jacsea,2025-10-03,18:04:00,-07:00,2025-10-03T18:04:00-07:00,6,124
resume.html,19,html,d342f457,jacsea,2025-10-03,18:04:00,-07:00,2025-10-03T18:04:00-07:00,6,110
resume.html,20,html,d342f457,jacsea,2025-10-03,18:04:00,-07:00,2025-10-03T18:04:00-07:00,4,2
resume.html,21,html,d342f457,jacsea,2025-10-03,18:04:00,-07:00,2025-10-03T18:04:00-07:00,2,8
resume.html,22,html,d342f457,jacsea,2025-10-03,18:04:00,-07:00,2025-10-03T18:04:00-07:00,0,0
resume.html,23,html,d342f457,jacsea,2025-10-03,18:04:00,-07:00,2025-10-03T18:04:00-07:00,2,7
resume.html,24,html,d342f457,jacsea,2025-10-03,18:04:00,-07:00,2025-10-03T18:04:00-07:00,4,16
resume.html,25,html,d342f457,jacsea,2025-10-03,18:04:00,-07:00,2025-10-03T18:04:00-07:00,4,42
resume.html,26,html,d342f457,jacsea,2025-10-03,18:04:00,-07:00,2025-10-03T18:04:00-07:00,4,1
resume.html,27,html,d342f457,jacsea,2025-10-03,18:04:00,-07:00,2025-10-03T18:04:00-07:00,6,20
resume.html,28,html,d342f457,jacsea,2025-10-03,18:04:00,-07:00,2025-10-03T18:04:00-07:00,4,2
resume.html,29,html,d342f457,jacsea,2025-10-03,18:04:00,-07:00,2025-10-03T18:04:00-07:00,4,2
resume.html,30,html,d342f457,jacsea,2025-10-03,18:04:00,-07:00,2025-10-03T18:04:00-07:00,6,15
resume.html,31,html,d342f457,jacsea,2025-10-03,18:04:00,-07:00,2025-10-03T18:04:00-07:00,6,106
resume.html,32,html,d342f457,jacsea,2025-10-03,18:04:00,-07:00,2025-10-03T18:04:00-07:00,6,107
resume.html,33,html,d342f457,jacsea,2025-10-03,18:04:00,-07:00,2025-10-03T18:04:00-07:00,6,67
resume.html,34,html,d342f457,jacsea,2025-10-03,18:04:00,-07:00,2025-10-03T18:04:00-07:00,4,3
resume.html,35,html,d342f457,jacsea,2025-10-03,18:04:00,-07:00,2025-10-03T18:04:00-07:00,0,0
resume.html,36,html,d342f457,jacsea,2025-10-03,18:04:00,-07:00,2025-10-03T18:04:00-07:00,4,33
resume.html,37,html,d342f457,jacsea,2025-10-03,18:04:00,-07:00,2025-10-03T18:04:00-07:00,4,1
resume.html,38,html,d342f457,jacsea,2025-10-03,18:04:00,-07:00,2025-10-03T18:04:00-07:00,5,29
resume.html,39,html,d342f457,jacsea,2025-10-03,18:04:00,-07:00,2025-10-03T18:04:00-07:00,4,2
resume.html,40,html,d342f457,jacsea,2025-10-03,18:04:00,-07:00,2025-10-03T18:04:00-07:00,4,2
resume.html,41,html,d342f457,jacsea,2025-10-03,18:04:00,-07:00,2025-10-03T18:04:00-07:00,6,32
resume.html,42,html,d342f457,jacsea,2025-10-03,18:04:00,-07:00,2025-10-03T18:04:00-07:00,6,21
resume.html,43,html,d342f457,jacsea,2025-10-03,18:04:00,-07:00,2025-10-03T18:04:00-07:00,6,26
resume.html,44,html,d342f457,jacsea,2025-10-03,18:04:00,-07:00,2025-10-03T18:04:00-07:00,6,114
resume.html,45,html,d342f457,jacsea,2025-10-03,18:04:00,-07:00,2025-10-03T18:04:00-07:00,6,104
resume.html,46,html,d342f457,jacsea,2025-10-03,18:04:00,-07:00,2025-10-03T18:04:00-07:00,6,30
resume.html,47,html,d342f457,jacsea,2025-10-03,18:04:00,-07:00,2025-10-03T18:04:00-07:00,4,3
resume.html,48,html,d342f457,jacsea,2025-10-03,18:04:00,-07:00,2025-10-03T18:04:00-07:00,2,8
resume.html,49,html,d342f457,jacsea,2025-10-03,18:04:00,-07:00,2025-10-03T18:04:00-07:00,0,0
resume.html,50,html,d342f457,jacsea,2025-10-03,18:04:00,-07:00,2025-10-03T18:04:00-07:00,2,7
resume.html,51,html,d342f457,jacsea,2025-10-03,18:04:00,-07:00,2025-10-03T18:04:00-07:00,4,25
resume.html,52,html,d342f457,jacsea,2025-10-03,18:04:00,-07:00,2025-10-03T18:04:00-07:00,3,1
resume.html,53,html,d342f457,jacsea,2025-10-03,18:04:00,-07:00,2025-10-03T18:04:00-07:00,4,43
resume.html,54,html,d342f457,jacsea,2025-10-03,18:04:00,-07:00,2025-10-03T18:04:00-07:00,3,2
resume.html,55,html,d342f457,jacsea,2025-10-03,18:04:00,-07:00,2025-10-03T18:04:00-07:00,3,2
resume.html,56,html,d342f457,jacsea,2025-10-03,18:04:00,-07:00,2025-10-03T18:04:00-07:00,6,111
resume.html,57,html,d342f457,jacsea,2025-10-03,18:04:00,-07:00,2025-10-03T18:04:00-07:00,6,11
resume.html,58,html,d342f457,jacsea,2025-10-03,18:04:00,-07:00,2025-10-03T18:04:00-07:00,6,114
resume.html,59,html,d342f457,jacsea,2025-10-03,18:04:00,-07:00,2025-10-03T18:04:00-07:00,6,10
resume.html,60,html,d342f457,jacsea,2025-10-03,18:04:00,-07:00,2025-10-03T18:04:00-07:00,4,3
resume.html,61,html,d342f457,jacsea,2025-10-03,18:04:00,-07:00,2025-10-03T18:04:00-07:00,0,0
resume.html,62,html,d342f457,jacsea,2025-10-03,18:04:00,-07:00,2025-10-03T18:04:00-07:00,4,1
resume.html,63,html,d342f457,jacsea,2025-10-03,18:04:00,-07:00,2025-10-03T18:04:00-07:00,4,54
resume.html,64,html,d342f457,jacsea,2025-10-03,18:04:00,-07:00,2025-10-03T18:04:00-07:00,3,2
resume.html,65,html,d342f457,jacsea,2025-10-03,18:04:00,-07:00,2025-10-03T18:04:00-07:00,3,2
resume.html,66,html,d342f457,jacsea,2025-10-03,18:04:00,-07:00,2025-10-03T18:04:00-07:00,6,115
resume.html,67,html,d342f457,jacsea,2025-10-03,18:04:00,-07:00,2025-10-03T18:04:00-07:00,6,26
resume.html,68,html,d342f457,jacsea,2025-10-03,18:04:00,-07:00,2025-10-03T18:04:00-07:00,6,117
resume.html,69,html,d342f457,jacsea,2025-10-03,18:04:00,-07:00,2025-10-03T18:04:00-07:00,6,95
resume.html,70,html,d342f457,jacsea,2025-10-03,18:04:00,-07:00,2025-10-03T18:04:00-07:00,4,3
resume.html,71,html,d342f457,jacsea,2025-10-03,18:04:00,-07:00,2025-10-03T18:04:00-07:00,0,0
resume.html,72,html,d342f457,jacsea,2025-10-03,18:04:00,-07:00,2025-10-03T18:04:00-07:00,4,1
resume.html,73,html,d342f457,jacsea,2025-10-03,18:04:00,-07:00,2025-10-03T18:04:00-07:00,4,32
resume.html,74,html,d342f457,jacsea,2025-10-03,18:04:00,-07:00,2025-10-03T18:04:00-07:00,3,2
resume.html,75,html,d342f457,jacsea,2025-10-03,18:04:00,-07:00,2025-10-03T18:04:00-07:00,3,2
resume.html,76,html,d342f457,jacsea,2025-10-03,18:04:00,-07:00,2025-10-03T18:04:00-07:00,6,112
resume.html,77,html,d342f457,jacsea,2025-10-03,18:04:00,-07:00,2025-10-03T18:04:00-07:00,6,18
resume.html,78,html,d342f457,jacsea,2025-10-03,18:04:00,-07:00,2025-10-03T18:04:00-07:00,6,63
resume.html,79,html,d342f457,jacsea,2025-10-03,18:04:00,-07:00,2025-10-03T18:04:00-07:00,4,3
resume.html,80,html,d342f457,jacsea,2025-10-03,18:04:00,-07:00,2025-10-03T18:04:00-07:00,0,0
resume.html,81,html,d342f457,jacsea,2025-10-03,18:04:00,-07:00,2025-10-03T18:04:00-07:00,4,1
resume.html,82,html,d342f457,jacsea,2025-10-03,18:04:00,-07:00,2025-10-03T18:04:00-07:00,4,72
resume.html,83,html,d342f457,jacsea,2025-10-03,18:04:00,-07:00,2025-10-03T18:04:00-07:00,3,2
resume.html,84,html,d342f457,jacsea,2025-10-03,18:04:00,-07:00,2025-10-03T18:04:00-07:00,3,2
resume.html,85,html,d342f457,jacsea,2025-10-03,18:04:00,-07:00,2025-10-03T18:04:00-07:00,6,86
resume.html,86,html,d342f457,jacsea,2025-10-03,18:04:00,-07:00,2025-10-03T18:04:00-07:00,6,109
resume.html,87,html,d342f457,jacsea,2025-10-03,18:04:00,-07:00,2025-10-03T18:04:00-07:00,4,3
resume.html,88,html,d342f457,jacsea,2025-10-03,18:04:00,-07:00,2025-10-03T18:04:00-07:00,2,8
resume.html,89,html,d342f457,jacsea,2025-10-03,18:04:00,-07:00,2025-10-03T18:04:00-07:00,0,0
resume.html,90,html,d342f457,jacsea,2025-10-03,18:04:00,-07:00,2025-10-03T18:04:00-07:00,2,7
resume.html,91,html,d342f457,jacsea,2025-10-03,18:04:00,-07:00,2025-10-03T18:04:00-07:00,4,23
resume.html,92,html,d342f457,jacsea,2025-10-03,18:04:00,-07:00,2025-10-03T18:04:00-07:00,4,2
resume.html,93,html,d342f457,jacsea,2025-10-03,18:04:00,-07:00,2025-10-03T18:04:00-07:00,6,37
resume.html,94,html,d342f457,jacsea,2025-10-03,18:04:00,-07:00,2025-10-03T18:04:00-07:00,6,97
resume.html,95,html,d342f457,jacsea,2025-10-03,18:04:00,-07:00,2025-10-03T18:04:00-07:00,6,52
resume.html,96,html,d342f457,jacsea,2025-10-03,18:04:00,-07:00,2025-10-03T18:04:00-07:00,4,3
resume.html,97,html,d342f457,jacsea,2025-10-03,18:04:00,-07:00,2025-10-03T18:04:00-07:00,2,8
resume.html,98,html,d342f457,jacsea,2025-10-03,18:04:00,-07:00,2025-10-03T18:04:00-07:00,0,5
resume.html,99,html,d342f457,jacsea,2025-10-03,18:04:00,-07:00,2025-10-03T18:04:00-07:00,0,5
index.js,1,js,733c1846,jacsea,2025-10-24,21:44:45,-07:00,2025-10-24T21:44:45-07:00,0,70
index.js,2,js,733c1846,jacsea,2025-10-24,21:44:45,-07:00,2025-10-24T21:44:45-07:00,0,0
index.js,3,js,87b14047,jacsea,2025-10-24,22:10:22,-07:00,2025-10-24T22:10:22-07:00,0,59
index.js,4,js,733c1846,jacsea,2025-10-24,21:44:45,-07:00,2025-10-24T21:44:45-07:00,0,42
index.js,5,js,733c1846,jacsea,2025-10-24,21:44:45,-07:00,2025-10-24T21:44:45-07:00,0,0
index.js,6,js,733c1846,jacsea,2025-10-24,21:44:45,-07:00,2025-10-24T21:44:45-07:00,0,60
index.js,7,js,733c1846,jacsea,2025-10-24,21:44:45,-07:00,2025-10-24T21:44:45-07:00,0,0
index.js,8,js,733c1846,jacsea,2025-10-24,21:44:45,-07:00,2025-10-24T21:44:45-07:00,0,54
index.js,9,js,733c1846,jacsea,2025-10-24,21:44:45,-07:00,2025-10-24T21:44:45-07:00,0,0
index.js,10,js,733c1846,jacsea,2025-10-24,21:44:45,-07:00,2025-10-24T21:44:45-07:00,0,49
index.js,11,js,733c1846,jacsea,2025-10-24,21:44:45,-07:00,2025-10-24T21:44:45-07:00,0,0
index.js,12,js,733c1846,jacsea,2025-10-24,21:44:45,-07:00,2025-10-24T21:44:45-07:00,0,60
index.js,13,js,733c1846,jacsea,2025-10-24,21:44:45,-07:00,2025-10-24T21:44:45-07:00,0,0
index.js,14,js,733c1846,jacsea,2025-10-24,21:44:45,-07:00,2025-10-24T21:44:45-07:00,0,17
index.js,15,js,733c1846,jacsea,2025-10-24,21:44:45,-07:00,2025-10-24T21:44:45-07:00,1,24
index.js,16,js,733c1846,jacsea,2025-10-24,21:44:45,-07:00,2025-10-24T21:44:45-07:00,4,2
index.js,17,js,733c1846,jacsea,2025-10-24,21:44:45,-07:00,2025-10-24T21:44:45-07:00,5,55
index.js,18,js,733c1846,jacsea,2025-10-24,21:44:45,-07:00,2025-10-24T21:44:45-07:00,5,55
index.js,19,js,733c1846,jacsea,2025-10-24,21:44:45,-07:00,2025-10-24T21:44:45-07:00,5,49
index.js,20,js,733c1846,jacsea,2025-10-24,21:44:45,-07:00,2025-10-24T21:44:45-07:00,5,49
index.js,21,js,733c1846,jacsea,2025-10-24,21:44:45,-07:00,2025-10-24T21:44:45-07:00,4,3
index.js,22,js,733c1846,jacsea,2025-10-24,21:44:45,-07:00,2025-10-24T21:44:45-07:00,2,0
index.js,23,js,733c1846,jacsea,2025-10-24,21:44:45,-07:00,2025-10-24T21:44:45-07:00,0,0
index.html,1,html,03040b12,jacsea,2025-10-03,11:25:09,-07:00,2025-10-03T11:25:09-07:00,0,13
index.html,2,html,03040b12,jacsea,2025-10-03,11:25:09,-07:00,2025-10-03T11:25:09-07:00,0,14
index.html,3,html,03040b12,jacsea,2025-10-03,11:25:09,-07:00,2025-10-03T11:25:09-07:00,0,4
index.html,4,html,03040b12,jacsea,2025-10-03,11:25:09,-07:00,2025-10-03T11:25:09-07:00,2,20
index.html,5,html,03040b12,jacsea,2025-10-03,11:25:09,-07:00,2025-10-03T11:25:09-07:00,2,68
index.html,6,html,03040b12,jacsea,2025-10-03,11:25:09,-07:00,2025-10-03T11:25:09-07:00,2,53
index.html,7,html,84b9392d,jacsea,2025-10-03,15:07:29,-07:00,2025-10-03T15:07:29-07:00,2,40
index.html,8,html,a629860a,jacsea,2025-10-17,16:11:00,-07:00,2025-10-17T16:11:00-07:00,2,45
index.html,9,html,03040b12,jacsea,2025-10-03,11:25:09,-07:00,2025-10-03T11:25:09-07:00,0,5
index.html,10,html,9aa96542,jacsea,2025-10-03,13:17:16,-07:00,2025-10-03T13:17:16-07:00,0,0
index.html,11,html,03040b12,jacsea,2025-10-03,11:25:09,-07:00,2025-10-03T11:25:09-07:00,0,4
index.html,12,html,84b9392d,jacsea,2025-10-03,15:07:29,-07:00,2025-10-03T15:07:29-07:00,2,18
index.html,13,html,733c1846,jacsea,2025-10-24,21:44:45,-07:00,2025-10-24T21:44:45-07:00,2,25
index.html,14,html,19039cc8,jacsea,2025-10-03,13:30:53,-07:00,2025-10-03T13:30:53-07:00,0,0
index.html,15,html,d342f457,jacsea,2025-10-03,18:04:00,-07:00,2025-10-03T18:04:00-07:00,2,33
index.html,16,html,19039cc8,jacsea,2025-10-03,13:30:53,-07:00,2025-10-03T13:30:53-07:00,4,19
index.html,17,html,733c1846,jacsea,2025-10-24,21:44:45,-07:00,2025-10-24T21:44:45-07:00,2,22
index.html,18,html,733c1846,jacsea,2025-10-24,21:44:45,-07:00,2025-10-24T21:44:45-07:00,2,28
index.html,19,html,733c1846,jacsea,2025-10-24,21:44:45,-07:00,2025-10-24T21:44:45-07:00,0,0
index.html,20,html,733c1846,jacsea,2025-10-24,21:44:45,-07:00,2025-10-24T21:44:45-07:00,2,22
index.html,21,html,733c1846,jacsea,2025-10-24,21:44:45,-07:00,2025-10-24T21:44:45-07:00,2,20
index.html,22,html,733c1846,jacsea,2025-10-24,21:44:45,-07:00,2025-10-24T21:44:45-07:00,4,49
index.html,23,html,733c1846,jacsea,2025-10-24,21:44:45,-07:00,2025-10-24T21:44:45-07:00,2,4
index.html,24,html,733c1846,jacsea,2025-10-24,21:44:45,-07:00,2025-10-24T21:44:45-07:00,2,50
index.html,25,html,03040b12,jacsea,2025-10-03,11:25:09,-07:00,2025-10-03T11:25:09-07:00,0,5
index.html,26,html,19039cc8,jacsea,2025-10-03,13:30:53,-07:00,2025-10-03T13:30:53-07:00,0,0
index.html,27,html,19039cc8,jacsea,2025-10-03,13:30:53,-07:00,2025-10-03T13:30:53-07:00,0,5
global.js,1,js,a629860a,jacsea,2025-10-17,16:11:00,-07:00,2025-10-17T16:11:00-07:00,0,25
global.js,2,js,a629860a,jacsea,2025-10-17,16:11:00,-07:00,2025-10-17T16:11:00-07:00,0,0
global.js,3,js,a629860a,jacsea,2025-10-17,16:11:00,-07:00,2025-10-17T16:11:00-07:00,0,41
global.js,4,js,a629860a,jacsea,2025-10-17,16:11:00,-07:00,2025-10-17T16:11:00-07:00,1,52
global.js,5,js,a629860a,jacsea,2025-10-17,16:11:00,-07:00,2025-10-17T16:11:00-07:00,0,0
global.js,6,js,a629860a,jacsea,2025-10-17,16:11:00,-07:00,2025-10-17T16:11:00-07:00,0,0
global.js,7,js,a629860a,jacsea,2025-10-17,16:11:00,-07:00,2025-10-17T16:11:00-07:00,0,30
global.js,8,js,a629860a,jacsea,2025-10-17,16:11:00,-07:00,2025-10-17T16:11:00-07:00,0,0
global.js,9,js,a629860a,jacsea,2025-10-17,16:11:00,-07:00,2025-10-17T16:11:00-07:00,0,33
global.js,10,js,a629860a,jacsea,2025-10-17,16:11:00,-07:00,2025-10-17T16:11:00-07:00,0,71
global.js,11,js,a629860a,jacsea,2025-10-17,16:11:00,-07:00,2025-10-17T16:11:00-07:00,0,3
global.js,12,js,a629860a,jacsea,2025-10-17,16:11:00,-07:00,2025-10-17T16:11:00-07:00,0,0
global.js,13,js,a629860a,jacsea,2025-10-17,16:11:00,-07:00,2025-10-17T16:11:00-07:00,0,19
global.js,14,js,a629860a,jacsea,2025-10-17,16:11:00,-07:00,2025-10-17T16:11:00-07:00,0,39
global.js,15,js,a629860a,jacsea,2025-10-17,16:11:00,-07:00,2025-10-17T16:11:00-07:00,0,40
global.js,16,js,a629860a,jacsea,2025-10-17,16:11:00,-07:00,2025-10-17T16:11:00-07:00,0,2
global.js,17,js,a629860a,jacsea,2025-10-17,16:11:00,-07:00,2025-10-17T16:11:00-07:00,0,0
global.js,18,js,a629860a,jacsea,2025-10-17,16:11:00,-07:00,2025-10-17T16:11:00-07:00,0,11
global.js,19,js,a629860a,jacsea,2025-10-17,16:11:00,-07:00,2025-10-17T16:11:00-07:00,1,35
global.js,20,js,a629860a,jacsea,2025-10-17,16:11:00,-07:00,2025-10-17T16:11:00-07:00,1,48
global.js,21,js,a629860a,jacsea,2025-10-17,16:11:00,-07:00,2025-10-17T16:11:00-07:00,1,46
global.js,22,js,a629860a,jacsea,2025-10-17,16:11:00,-07:00,2025-10-17T16:11:00-07:00,1,38
global.js,23,js,00000000,Not Committed Yet,2025-11-07,11:53:13,-08:00,2025-11-07T11:53:13-08:00,1,40
global.js,24,js,a629860a,jacsea,2025-10-17,16:11:00,-07:00,2025-10-17T16:11:00-07:00,1,52
global.js,25,js,a629860a,jacsea,2025-10-17,16:11:00,-07:00,2025-10-17T16:11:00-07:00,0,0
global.js,26,js,a629860a,jacsea,2025-10-17,16:11:00,-07:00,2025-10-17T16:11:00-07:00,0,0
global.js,27,js,a629860a,jacsea,2025-10-17,16:11:00,-07:00,2025-10-17T16:11:00-07:00,0,38
global.js,28,js,a629860a,jacsea,2025-10-17,16:11:00,-07:00,2025-10-17T16:11:00-07:00,0,25
global.js,29,js,a629860a,jacsea,2025-10-17,16:11:00,-07:00,2025-10-17T16:11:00-07:00,0,0
global.js,30,js,a629860a,jacsea,2025-10-17,16:11:00,-07:00,2025-10-17T16:11:00-07:00,0,15
global.js,31,js,a629860a,jacsea,2025-10-17,16:11:00,-07:00,2025-10-17T16:11:00-07:00,1,68
global.js,32,js,a629860a,jacsea,2025-10-17,16:11:00,-07:00,2025-10-17T16:11:00-07:00,2,19
global.js,33,js,85963717,jacsea,2025-10-17,16:22:14,-07:00,2025-10-17T16:22:14-07:00,2,40
global.js,34,js,a629860a,jacsea,2025-10-17,16:11:00,-07:00,2025-10-17T16:11:00-07:00,0,0
global.js,35,js,a629860a,jacsea,2025-10-17,16:11:00,-07:00,2025-10-17T16:11:00-07:00,0,20
global.js,36,js,a629860a,jacsea,2025-10-17,16:11:00,-07:00,2025-10-17T16:11:00-07:00,1,14
global.js,37,js,a629860a,jacsea,2025-10-17,16:11:00,-07:00,2025-10-17T16:11:00-07:00,1,18
global.js,38,js,a629860a,jacsea,2025-10-17,16:11:00,-07:00,2025-10-17T16:11:00-07:00,0,0
global.js,39,js,a629860a,jacsea,2025-10-17,16:11:00,-07:00,2025-10-17T16:11:00-07:00,1,28
global.js,40,js,a629860a,jacsea,2025-10-17,16:11:00,-07:00,2025-10-17T16:11:00-07:00,2,20
global.js,41,js,a629860a,jacsea,2025-10-17,16:11:00,-07:00,2025-10-17T16:11:00-07:00,1,0
global.js,42,js,a629860a,jacsea,2025-10-17,16:11:00,-07:00,2025-10-17T16:11:00-07:00,0,0
global.js,43,js,a629860a,jacsea,2025-10-17,16:11:00,-07:00,2025-10-17T16:11:00-07:00,1,34
global.js,44,js,a629860a,jacsea,2025-10-17,16:11:00,-07:00,2025-10-17T16:11:00-07:00,1,11
global.js,45,js,a629860a,jacsea,2025-10-17,16:11:00,-07:00,2025-10-17T16:11:00-07:00,1,20
global.js,46,js,a629860a,jacsea,2025-10-17,16:11:00,-07:00,2025-10-17T16:11:00-07:00,1,12
global.js,47,js,a629860a,jacsea,2025-10-17,16:11:00,-07:00,2025-10-17T16:11:00-07:00,0,0
global.js,48,js,a629860a,jacsea,2025-10-17,16:11:00,-07:00,2025-10-17T16:11:00-07:00,1,65
global.js,49,js,a629860a,jacsea,2025-10-17,16:11:00,-07:00,2025-10-17T16:11:00-07:00,2,25
global.js,50,js,a629860a,jacsea,2025-10-17,16:11:00,-07:00,2025-10-17T16:11:00-07:00,1,5
global.js,51,js,a629860a,jacsea,2025-10-17,16:11:00,-07:00,2025-10-17T16:11:00-07:00,2,28
global.js,52,js,a629860a,jacsea,2025-10-17,16:11:00,-07:00,2025-10-17T16:11:00-07:00,1,0
global.js,53,js,a629860a,jacsea,2025-10-17,16:11:00,-07:00,2025-10-17T16:11:00-07:00,0,0
global.js,54,js,a629860a,jacsea,2025-10-17,16:11:00,-07:00,2025-10-17T16:11:00-07:00,1,29
global.js,55,js,a629860a,jacsea,2025-10-17,16:11:00,-07:00,2025-10-17T16:11:00-07:00,2,18
global.js,56,js,a629860a,jacsea,2025-10-17,16:11:00,-07:00,2025-10-17T16:11:00-07:00,1,0
global.js,57,js,a629860a,jacsea,2025-10-17,16:11:00,-07:00,2025-10-17T16:11:00-07:00,0,0
global.js,58,js,a629860a,jacsea,2025-10-17,16:11:00,-07:00,2025-10-17T16:11:00-07:00,0,0
global.js,59,js,a629860a,jacsea,2025-10-17,16:11:00,-07:00,2025-10-17T16:11:00-07:00,0,31
global.js,60,js,a629860a,jacsea,2025-10-17,16:11:00,-07:00,2025-10-17T16:11:00-07:00,1,11
global.js,61,js,a629860a,jacsea,2025-10-17,16:11:00,-07:00,2025-10-17T16:11:00-07:00,1,0
global.js,62,js,a629860a,jacsea,2025-10-17,16:11:00,-07:00,2025-10-17T16:11:00-07:00,0,26
global.js,63,js,a629860a,jacsea,2025-10-17,16:11:00,-07:00,2025-10-17T16:11:00-07:00,0,4
global.js,64,js,a629860a,jacsea,2025-10-17,16:11:00,-07:00,2025-10-17T16:11:00-07:00,0,27
global.js,65,js,a629860a,jacsea,2025-10-17,16:11:00,-07:00,2025-10-17T16:11:00-07:00,0,43
global.js,66,js,a629860a,jacsea,2025-10-17,16:11:00,-07:00,2025-10-17T16:11:00-07:00,6,34
global.js,67,js,a629860a,jacsea,2025-10-17,16:11:00,-07:00,2025-10-17T16:11:00-07:00,6,32
global.js,68,js,a629860a,jacsea,2025-10-17,16:11:00,-07:00,2025-10-17T16:11:00-07:00,0,7
global.js,69,js,a629860a,jacsea,2025-10-17,16:11:00,-07:00,2025-10-17T16:11:00-07:00,0,8
global.js,70,js,a629860a,jacsea,2025-10-17,16:11:00,-07:00,2025-10-17T16:11:00-07:00,0,0
global.js,71,js,a629860a,jacsea,2025-10-17,16:11:00,-07:00,2025-10-17T16:11:00-07:00,0,0
global.js,72,js,a629860a,jacsea,2025-10-17,16:11:00,-07:00,2025-10-17T16:11:00-07:00,0,55
global.js,73,js,a629860a,jacsea,2025-10-17,16:11:00,-07:00,2025-10-17T16:11:00-07:00,0,0
global.js,74,js,a629860a,jacsea,2025-10-17,16:11:00,-07:00,2025-10-17T16:11:00-07:00,0,29
global.js,75,js,a629860a,jacsea,2025-10-17,16:11:00,-07:00,2025-10-17T16:11:00-07:00,2,44
global.js,76,js,a629860a,jacsea,2025-10-17,16:11:00,-07:00,2025-10-17T16:11:00-07:00,2,71
global.js,77,js,a629860a,jacsea,2025-10-17,16:11:00,-07:00,2025-10-17T16:11:00-07:00,2,26
global.js,78,js,a629860a,jacsea,2025-10-17,16:11:00,-07:00,2025-10-17T16:11:00-07:00,0,0
global.js,79,js,a629860a,jacsea,2025-10-17,16:11:00,-07:00,2025-10-17T16:11:00-07:00,0,0
global.js,80,js,a629860a,jacsea,2025-10-17,16:11:00,-07:00,2025-10-17T16:11:00-07:00,0,49
global.js,81,js,a629860a,jacsea,2025-10-17,16:11:00,-07:00,2025-10-17T16:11:00-07:00,1,57
global.js,82,js,a629860a,jacsea,2025-10-17,16:11:00,-07:00,2025-10-17T16:11:00-07:00,1,77
global.js,83,js,a629860a,jacsea,2025-10-17,16:11:00,-07:00,2025-10-17T16:11:00-07:00,1,43
global.js,84,js,a629860a,jacsea,2025-10-17,16:11:00,-07:00,2025-10-17T16:11:00-07:00,0,1
global.js,85,js,a629860a,jacsea,2025-10-17,16:11:00,-07:00,2025-10-17T16:11:00-07:00,0,0
global.js,86,js,733c1846,jacsea,2025-10-24,21:44:45,-07:00,2025-10-24T21:44:45-07:00,0,36
global.js,87,js,733c1846,jacsea,2025-10-24,21:44:45,-07:00,2025-10-24T21:44:45-07:00,1,3
global.js,88,js,733c1846,jacsea,2025-10-24,21:44:45,-07:00,2025-10-24T21:44:45-07:00,2,39
global.js,89,js,733c1846,jacsea,2025-10-24,21:44:45,-07:00,2025-10-24T21:44:45-07:00,2,32
global.js,90,js,733c1846,jacsea,2025-10-24,21:44:45,-07:00,2025-10-24T21:44:45-07:00,2,20
global.js,91,js,733c1846,jacsea,2025-10-24,21:44:45,-07:00,2025-10-24T21:44:45-07:00,2,17
global.js,92,js,733c1846,jacsea,2025-10-24,21:44:45,-07:00,2025-10-24T21:44:45-07:00,3,66
global.js,93,js,733c1846,jacsea,2025-10-24,21:44:45,-07:00,2025-10-24T21:44:45-07:00,2,0
global.js,94,js,733c1846,jacsea,2025-10-24,21:44:45,-07:00,2025-10-24T21:44:45-07:00,2,33
global.js,95,js,733c1846,jacsea,2025-10-24,21:44:45,-07:00,2025-10-24T21:44:45-07:00,2,10
global.js,96,js,733c1846,jacsea,2025-10-24,21:44:45,-07:00,2025-10-24T21:44:45-07:00,1,15
global.js,97,js,733c1846,jacsea,2025-10-24,21:44:45,-07:00,2025-10-24T21:44:45-07:00,2,59
global.js,98,js,733c1846,jacsea,2025-10-24,21:44:45,-07:00,2025-10-24T21:44:45-07:00,1,0
global.js,99,js,733c1846,jacsea,2025-10-24,21:44:45,-07:00,2025-10-24T21:44:45-07:00,0,0
global.js,100,js,733c1846,jacsea,2025-10-24,21:44:45,-07:00,2025-10-24T21:44:45-07:00,0,0
global.js,101,js,733c1846,jacsea,2025-10-24,21:44:45,-07:00,2025-10-24T21:44:45-07:00,0,78
global.js,102,js,733c1846,jacsea,2025-10-24,21:44:45,-07:00,2025-10-24T21:44:45-07:00,1,23
global.js,103,js,733c1846,jacsea,2025-10-24,21:44:45,-07:00,2025-10-24T21:44:45-07:00,1,30
global.js,104,js,733c1846,jacsea,2025-10-24,21:44:45,-07:00,2025-10-24T21:44:45-07:00,1,21
global.js,105,js,733c1846,jacsea,2025-10-24,21:44:45,-07:00,2025-10-24T21:44:45-07:00,1,48
global.js,106,js,733c1846,jacsea,2025-10-24,21:44:45,-07:00,2025-10-24T21:44:45-07:00,1,19
global.js,107,js,733c1846,jacsea,2025-10-24,21:44:45,-07:00,2025-10-24T21:44:45-07:00,2,43
global.js,108,js,733c1846,jacsea,2025-10-24,21:44:45,-07:00,2025-10-24T21:44:45-07:00,2,37
global.js,109,js,733c1846,jacsea,2025-10-24,21:44:45,-07:00,2025-10-24T21:44:45-07:00,2,21
global.js,110,js,ec25ec18,jacsea,2025-10-31,16:26:24,-07:00,2025-10-31T16:26:24-07:00,2,88
global.js,111,js,733c1846,jacsea,2025-10-24,21:44:45,-07:00,2025-10-24T21:44:45-07:00,1,0
global.js,112,js,733c1846,jacsea,2025-10-24,21:44:45,-07:00,2025-10-24T21:44:45-07:00,1,36
global.js,113,js,733c1846,jacsea,2025-10-24,21:44:45,-07:00,2025-10-24T21:44:45-07:00,1,0
global.js,114,js,733c1846,jacsea,2025-10-24,21:44:45,-07:00,2025-10-24T21:44:45-07:00,0,0
global.js,115,js,733c1846,jacsea,2025-10-24,21:44:45,-07:00,2025-10-24T21:44:45-07:00,0,0
global.js,116,js,733c1846,jacsea,2025-10-24,21:44:45,-07:00,2025-10-24T21:44:45-07:00,0,47
global.js,117,js,733c1846,jacsea,2025-10-24,21:44:45,-07:00,2025-10-24T21:44:45-07:00,1,22
global.js,118,js,733c1846,jacsea,2025-10-24,21:44:45,-07:00,2025-10-24T21:44:45-07:00,1,59
global.js,119,js,733c1846,jacsea,2025-10-24,21:44:45,-07:00,2025-10-24T21:44:45-07:00,0,0
projects\projects.js,1,js,733c1846,jacsea,2025-10-24,21:44:45,-07:00,2025-10-24T21:44:45-07:00,0,55
projects\projects.js,2,js,733c1846,jacsea,2025-10-24,21:44:45,-07:00,2025-10-24T21:44:45-07:00,0,0
projects\projects.js,3,js,733c1846,jacsea,2025-10-24,21:44:45,-07:00,2025-10-24T21:44:45-07:00,0,55
projects\projects.js,4,js,733c1846,jacsea,2025-10-24,21:44:45,-07:00,2025-10-24T21:44:45-07:00,0,0
projects\projects.js,5,js,733c1846,jacsea,2025-10-24,21:44:45,-07:00,2025-10-24T21:44:45-07:00,0,60
projects\projects.js,6,js,733c1846,jacsea,2025-10-24,21:44:45,-07:00,2025-10-24T21:44:45-07:00,0,0
projects\projects.js,7,js,733c1846,jacsea,2025-10-24,21:44:45,-07:00,2025-10-24T21:44:45-07:00,0,48
projects\projects.js,8,js,733c1846,jacsea,2025-10-24,21:44:45,-07:00,2025-10-24T21:44:45-07:00,0,0
projects\projects.js,9,js,733c1846,jacsea,2025-10-24,21:44:45,-07:00,2025-10-24T21:44:45-07:00,0,62
projects\projects.js,10,js,ec25ec18,jacsea,2025-10-31,16:26:24,-07:00,2025-10-31T16:26:24-07:00,0,56
projects\projects.js,11,js,ec25ec18,jacsea,2025-10-31,16:26:24,-07:00,2025-10-31T16:26:24-07:00,0,0
projects\projects.js,12,js,ec25ec18,jacsea,2025-10-31,16:26:24,-07:00,2025-10-31T16:26:24-07:00,0,63
projects\projects.js,13,js,ec25ec18,jacsea,2025-10-31,16:26:24,-07:00,2025-10-31T16:26:24-07:00,0,0
projects\projects.js,14,js,ec25ec18,jacsea,2025-10-31,16:26:24,-07:00,2025-10-31T16:26:24-07:00,0,57
projects\projects.js,15,js,ec25ec18,jacsea,2025-10-31,16:26:24,-07:00,2025-10-31T16:26:24-07:00,0,0
projects\projects.js,16,js,ec25ec18,jacsea,2025-10-31,16:26:24,-07:00,2025-10-31T16:26:24-07:00,0,21
projects\projects.js,17,js,ec25ec18,jacsea,2025-10-31,16:26:24,-07:00,2025-10-31T16:26:24-07:00,0,0
projects\projects.js,18,js,ec25ec18,jacsea,2025-10-31,16:26:24,-07:00,2025-10-31T16:26:24-07:00,0,38
projects\projects.js,19,js,ec25ec18,jacsea,2025-10-31,16:26:24,-07:00,2025-10-31T16:26:24-07:00,0,0
projects\projects.js,20,js,ec25ec18,jacsea,2025-10-31,16:26:24,-07:00,2025-10-31T16:26:24-07:00,1,29
projects\projects.js,21,js,ec25ec18,jacsea,2025-10-31,16:26:24,-07:00,2025-10-31T16:26:24-07:00,2,12
projects\projects.js,22,js,ec25ec18,jacsea,2025-10-31,16:26:24,-07:00,2025-10-31T16:26:24-07:00,2,14
projects\projects.js,23,js,ec25ec18,jacsea,2025-10-31,16:26:24,-07:00,2025-10-31T16:26:24-07:00,2,12
projects\projects.js,24,js,ec25ec18,jacsea,2025-10-31,16:26:24,-07:00,2025-10-31T16:26:24-07:00,1,0
projects\projects.js,25,js,ec25ec18,jacsea,2025-10-31,16:26:24,-07:00,2025-10-31T16:26:24-07:00,0,0
projects\projects.js,26,js,ec25ec18,jacsea,2025-10-31,16:26:24,-07:00,2025-10-31T16:26:24-07:00,1,50
projects\projects.js,27,js,ec25ec18,jacsea,2025-10-31,16:26:24,-07:00,2025-10-31T16:26:24-07:00,2,35
projects\projects.js,28,js,ec25ec18,jacsea,2025-10-31,16:26:24,-07:00,2025-10-31T16:26:24-07:00,1,1
projects\projects.js,29,js,ec25ec18,jacsea,2025-10-31,16:26:24,-07:00,2025-10-31T16:26:24-07:00,0,0
projects\projects.js,30,js,ec25ec18,jacsea,2025-10-31,16:26:24,-07:00,2025-10-31T16:26:24-07:00,1,53
projects\projects.js,31,js,ec25ec18,jacsea,2025-10-31,16:26:24,-07:00,2025-10-31T16:26:24-07:00,1,42
projects\projects.js,32,js,ec25ec18,jacsea,2025-10-31,16:26:24,-07:00,2025-10-31T16:26:24-07:00,1,51
projects\projects.js,33,js,ec25ec18,jacsea,2025-10-31,16:26:24,-07:00,2025-10-31T16:26:24-07:00,0,0
projects\projects.js,34,js,ec25ec18,jacsea,2025-10-31,16:26:24,-07:00,2025-10-31T16:26:24-07:00,1,28
projects\projects.js,35,js,ec25ec18,jacsea,2025-10-31,16:26:24,-07:00,2025-10-31T16:26:24-07:00,1,32
projects\projects.js,36,js,ec25ec18,jacsea,2025-10-31,16:26:24,-07:00,2025-10-31T16:26:24-07:00,1,35
projects\projects.js,37,js,ec25ec18,jacsea,2025-10-31,16:26:24,-07:00,2025-10-31T16:26:24-07:00,1,33
projects\projects.js,38,js,ec25ec18,jacsea,2025-10-31,16:26:24,-07:00,2025-10-31T16:26:24-07:00,0,0
projects\projects.js,39,js,ec25ec18,jacsea,2025-10-31,16:26:24,-07:00,2025-10-31T16:26:24-07:00,1,47
projects\projects.js,40,js,ec25ec18,jacsea,2025-10-31,16:26:24,-07:00,2025-10-31T16:26:24-07:00,0,0
projects\projects.js,41,js,ec25ec18,jacsea,2025-10-31,16:26:24,-07:00,2025-10-31T16:26:24-07:00,1,29
projects\projects.js,42,js,ec25ec18,jacsea,2025-10-31,16:26:24,-07:00,2025-10-31T16:26:24-07:00,2,19
projects\projects.js,43,js,ec25ec18,jacsea,2025-10-31,16:26:24,-07:00,2025-10-31T16:26:24-07:00,3,13
projects\projects.js,44,js,ec25ec18,jacsea,2025-10-31,16:26:24,-07:00,2025-10-31T16:26:24-07:00,3,24
projects\projects.js,45,js,ec25ec18,jacsea,2025-10-31,16:26:24,-07:00,2025-10-31T16:26:24-07:00,3,18
projects\projects.js,46,js,ec25ec18,jacsea,2025-10-31,16:26:24,-07:00,2025-10-31T16:26:24-07:00,4,47
projects\projects.js,47,js,ec25ec18,jacsea,2025-10-31,16:26:24,-07:00,2025-10-31T16:26:24-07:00,0,0
projects\projects.js,48,js,ec25ec18,jacsea,2025-10-31,16:26:24,-07:00,2025-10-31T16:26:24-07:00,4,22
projects\projects.js,49,js,ec25ec18,jacsea,2025-10-31,16:26:24,-07:00,2025-10-31T16:26:24-07:00,5,64
projects\projects.js,50,js,ec25ec18,jacsea,2025-10-31,16:26:24,-07:00,2025-10-31T16:26:24-07:00,0,0
projects\projects.js,51,js,ec25ec18,jacsea,2025-10-31,16:26:24,-07:00,2025-10-31T16:26:24-07:00,4,23
projects\projects.js,52,js,ec25ec18,jacsea,2025-10-31,16:26:24,-07:00,2025-10-31T16:26:24-07:00,6,87
projects\projects.js,53,js,ec25ec18,jacsea,2025-10-31,16:26:24,-07:00,2025-10-31T16:26:24-07:00,0,0
projects\projects.js,54,js,ec25ec18,jacsea,2025-10-31,16:26:24,-07:00,2025-10-31T16:26:24-07:00,4,25
projects\projects.js,55,js,ec25ec18,jacsea,2025-10-31,16:26:24,-07:00,2025-10-31T16:26:24-07:00,6,48
projects\projects.js,56,js,ec25ec18,jacsea,2025-10-31,16:26:24,-07:00,2025-10-31T16:26:24-07:00,4,6
projects\projects.js,57,js,ec25ec18,jacsea,2025-10-31,16:26:24,-07:00,2025-10-31T16:26:24-07:00,6,46
projects\projects.js,58,js,ec25ec18,jacsea,2025-10-31,16:26:24,-07:00,2025-10-31T16:26:24-07:00,6,66
projects\projects.js,59,js,ec25ec18,jacsea,2025-10-31,16:26:24,-07:00,2025-10-31T16:26:24-07:00,6,56
projects\projects.js,60,js,ec25ec18,jacsea,2025-10-31,16:26:24,-07:00,2025-10-31T16:26:24-07:00,4,0
projects\projects.js,61,js,ec25ec18,jacsea,2025-10-31,16:26:24,-07:00,2025-10-31T16:26:24-07:00,3,1
projects\projects.js,62,js,ec25ec18,jacsea,2025-10-31,16:26:24,-07:00,2025-10-31T16:26:24-07:00,1,1
projects\projects.js,63,js,ec25ec18,jacsea,2025-10-31,16:26:24,-07:00,2025-10-31T16:26:24-07:00,0,0
projects\projects.js,64,js,ec25ec18,jacsea,2025-10-31,16:26:24,-07:00,2025-10-31T16:26:24-07:00,1,27
projects\projects.js,65,js,ec25ec18,jacsea,2025-10-31,16:26:24,-07:00,2025-10-31T16:26:24-07:00,2,20
projects\projects.js,66,js,ec25ec18,jacsea,2025-10-31,16:26:24,-07:00,2025-10-31T16:26:24-07:00,3,27
projects\projects.js,67,js,ec25ec18,jacsea,2025-10-31,16:26:24,-07:00,2025-10-31T16:26:24-07:00,3,38
projects\projects.js,68,js,ec25ec18,jacsea,2025-10-31,16:26:24,-07:00,2025-10-31T16:26:24-07:00,3,69
projects\projects.js,69,js,ec25ec18,jacsea,2025-10-31,16:26:24,-07:00,2025-10-31T16:26:24-07:00,1,1
projects\projects.js,70,js,ec25ec18,jacsea,2025-10-31,16:26:24,-07:00,2025-10-31T16:26:24-07:00,0,0
projects\projects.js,71,js,ec25ec18,jacsea,2025-10-31,16:26:24,-07:00,2025-10-31T16:26:24-07:00,0,0
projects\projects.js,72,js,ec25ec18,jacsea,2025-10-31,16:26:24,-07:00,2025-10-31T16:26:24-07:00,0,0
projects\projects.js,73,js,ec25ec18,jacsea,2025-10-31,16:26:24,-07:00,2025-10-31T16:26:24-07:00,0,32
projects\projects.js,74,js,ec25ec18,jacsea,2025-10-31,16:26:24,-07:00,2025-10-31T16:26:24-07:00,0,23
projects\projects.js,75,js,ec25ec18,jacsea,2025-10-31,16:26:24,-07:00,2025-10-31T16:26:24-07:00,0,0
projects\projects.js,76,js,ec25ec18,jacsea,2025-10-31,16:26:24,-07:00,2025-10-31T16:26:24-07:00,0,13
projects\projects.js,77,js,ec25ec18,jacsea,2025-10-31,16:26:24,-07:00,2025-10-31T16:26:24-07:00,0,53
projects\projects.js,78,js,ec25ec18,jacsea,2025-10-31,16:26:24,-07:00,2025-10-31T16:26:24-07:00,0,48
projects\projects.js,79,js,ec25ec18,jacsea,2025-10-31,16:26:24,-07:00,2025-10-31T16:26:24-07:00,0,0
projects\projects.js,80,js,ec25ec18,jacsea,2025-10-31,16:26:24,-07:00,2025-10-31T16:26:24-07:00,1,25
projects\projects.js,81,js,ec25ec18,jacsea,2025-10-31,16:26:24,-07:00,2025-10-31T16:26:24-07:00,1,51
projects\projects.js,82,js,ec25ec18,jacsea,2025-10-31,16:26:24,-07:00,2025-10-31T16:26:24-07:00,2,59
projects\projects.js,83,js,ec25ec18,jacsea,2025-10-31,16:26:24,-07:00,2025-10-31T16:26:24-07:00,2,42
projects\projects.js,84,js,ec25ec18,jacsea,2025-10-31,16:26:24,-07:00,2025-10-31T16:26:24-07:00,1,1
projects\projects.js,85,js,ec25ec18,jacsea,2025-10-31,16:26:24,-07:00,2025-10-31T16:26:24-07:00,1,52
projects\projects.js,86,js,ec25ec18,jacsea,2025-10-31,16:26:24,-07:00,2025-10-31T16:26:24-07:00,1,56
projects\projects.js,87,js,ec25ec18,jacsea,2025-10-31,16:26:24,-07:00,2025-10-31T16:26:24-07:00,1,31
projects\projects.js,88,js,ec25ec18,jacsea,2025-10-31,16:26:24,-07:00,2025-10-31T16:26:24-07:00,0,1
projects\projects.js,89,js,ec25ec18,jacsea,2025-10-31,16:26:24,-07:00,2025-10-31T16:26:24-07:00,0,0
projects\index.html,1,html,84b9392d,jacsea,2025-10-03,15:07:29,-07:00,2025-10-03T15:07:29-07:00,0,13
projects\index.html,2,html,84b9392d,jacsea,2025-10-03,15:07:29,-07:00,2025-10-03T15:07:29-07:00,0,14
projects\index.html,3,html,84b9392d,jacsea,2025-10-03,15:07:29,-07:00,2025-10-03T15:07:29-07:00,0,4
projects\index.html,4,html,84b9392d,jacsea,2025-10-03,15:07:29,-07:00,2025-10-03T15:07:29-07:00,2,20
projects\index.html,5,html,84b9392d,jacsea,2025-10-03,15:07:29,-07:00,2025-10-03T15:07:29-07:00,2,68
projects\index.html,6,html,84b9392d,jacsea,2025-10-03,15:07:29,-07:00,2025-10-03T15:07:29-07:00,2,21
projects\index.html,7,html,12ed31be,jacsea,2025-10-08,19:15:16,-07:00,2025-10-08T19:15:16-07:00,2,43
projects\index.html,8,html,a629860a,jacsea,2025-10-17,16:11:00,-07:00,2025-10-17T16:11:00-07:00,2,48
projects\index.html,9,html,84b9392d,jacsea,2025-10-03,15:07:29,-07:00,2025-10-03T15:07:29-07:00,0,5
projects\index.html,10,html,a629860a,jacsea,2025-10-17,16:11:00,-07:00,2025-10-17T16:11:00-07:00,0,0
projects\index.html,11,html,84b9392d,jacsea,2025-10-03,15:07:29,-07:00,2025-10-03T15:07:29-07:00,0,4
projects\index.html,12,html,ec25ec18,jacsea,2025-10-31,16:26:24,-07:00,2025-10-31T16:26:24-07:00,2,30
projects\index.html,13,html,ec25ec18,jacsea,2025-10-31,16:26:24,-07:00,2025-10-31T16:26:24-07:00,2,23
projects\index.html,14,html,ec25ec18,jacsea,2025-10-31,16:26:24,-07:00,2025-10-31T16:26:24-07:00,4,58
projects\index.html,15,html,ec25ec18,jacsea,2025-10-31,16:26:24,-07:00,2025-10-31T16:26:24-07:00,4,22
projects\index.html,16,html,12ed31be,jacsea,2025-10-08,19:15:16,-07:00,2025-10-08T19:15:16-07:00,2,4
projects\index.html,17,html,ec25ec18,jacsea,2025-10-31,16:26:24,-07:00,2025-10-31T16:26:24-07:00,0,0
projects\index.html,18,html,ec25ec18,jacsea,2025-10-31,16:26:24,-07:00,2025-10-31T16:26:24-07:00,2,65
projects\index.html,19,html,ec25ec18,jacsea,2025-10-31,16:26:24,-07:00,2025-10-31T16:26:24-07:00,2,33
projects\index.html,20,html,ec25ec18,jacsea,2025-10-31,16:26:24,-07:00,2025-10-31T16:26:24-07:00,0,0
projects\index.html,21,html,ec25ec18,jacsea,2025-10-31,16:26:24,-07:00,2025-10-31T16:26:24-07:00,2,26
projects\index.html,22,html,ec25ec18,jacsea,2025-10-31,16:26:24,-07:00,2025-10-31T16:26:24-07:00,0,0
projects\index.html,23,html,733c1846,jacsea,2025-10-24,21:44:45,-07:00,2025-10-24T21:44:45-07:00,2,48
projects\index.html,24,html,733c1846,jacsea,2025-10-24,21:44:45,-07:00,2025-10-24T21:44:45-07:00,2,47
projects\index.html,25,html,84b9392d,jacsea,2025-10-03,15:07:29,-07:00,2025-10-03T15:07:29-07:00,2,0
projects\index.html,26,html,84b9392d,jacsea,2025-10-03,15:07:29,-07:00,2025-10-03T15:07:29-07:00,0,5
projects\index.html,27,html,84b9392d,jacsea,2025-10-03,15:07:29,-07:00,2025-10-03T15:07:29-07:00,0,5
contact\index.html,1,html,84b9392d,jacsea,2025-10-03,15:07:29,-07:00,2025-10-03T15:07:29-07:00,0,13
contact\index.html,2,html,84b9392d,jacsea,2025-10-03,15:07:29,-07:00,2025-10-03T15:07:29-07:00,0,14
contact\index.html,3,html,84b9392d,jacsea,2025-10-03,15:07:29,-07:00,2025-10-03T15:07:29-07:00,0,4
contact\index.html,4,html,84b9392d,jacsea,2025-10-03,15:07:29,-07:00,2025-10-03T15:07:29-07:00,2,20
contact\index.html,5,html,84b9392d,jacsea,2025-10-03,15:07:29,-07:00,2025-10-03T15:07:29-07:00,2,68
contact\index.html,6,html,84b9392d,jacsea,2025-10-03,15:07:29,-07:00,2025-10-03T15:07:29-07:00,2,20
contact\index.html,7,html,12ed31be,jacsea,2025-10-08,19:15:16,-07:00,2025-10-08T19:15:16-07:00,2,43
contact\index.html,8,html,a629860a,jacsea,2025-10-17,16:11:00,-07:00,2025-10-17T16:11:00-07:00,2,48
contact\index.html,9,html,84b9392d,jacsea,2025-10-03,15:07:29,-07:00,2025-10-03T15:07:29-07:00,0,5
contact\index.html,10,html,d342f457,jacsea,2025-10-03,18:04:00,-07:00,2025-10-03T18:04:00-07:00,0,0
contact\index.html,11,html,a629860a,jacsea,2025-10-17,16:11:00,-07:00,2025-10-17T16:11:00-07:00,0,4
contact\index.html,12,html,d342f457,jacsea,2025-10-03,18:04:00,-07:00,2025-10-03T18:04:00-07:00,2,71
contact\index.html,13,html,d342f457,jacsea,2025-10-03,18:04:00,-07:00,2025-10-03T18:04:00-07:00,4,5
contact\index.html,14,html,d342f457,jacsea,2025-10-03,18:04:00,-07:00,2025-10-03T18:04:00-07:00,6,4
contact\index.html,15,html,d342f457,jacsea,2025-10-03,18:04:00,-07:00,2025-10-03T18:04:00-07:00,6,31
contact\index.html,16,html,d342f457,jacsea,2025-10-03,18:04:00,-07:00,2025-10-03T18:04:00-07:00,4,6
contact\index.html,17,html,d342f457,jacsea,2025-10-03,18:04:00,-07:00,2025-10-03T18:04:00-07:00,0,0
contact\index.html,18,html,d342f457,jacsea,2025-10-03,18:04:00,-07:00,2025-10-03T18:04:00-07:00,4,5
contact\index.html,19,html,d342f457,jacsea,2025-10-03,18:04:00,-07:00,2025-10-03T18:04:00-07:00,6,6
contact\index.html,20,html,d342f457,jacsea,2025-10-03,18:04:00,-07:00,2025-10-03T18:04:00-07:00,6,20
contact\index.html,21,html,d342f457,jacsea,2025-10-03,18:04:00,-07:00,2025-10-03T18:04:00-07:00,4,6
contact\index.html,22,html,d342f457,jacsea,2025-10-03,18:04:00,-07:00,2025-10-03T18:04:00-07:00,0,0
contact\index.html,23,html,d342f457,jacsea,2025-10-03,18:04:00,-07:00,2025-10-03T18:04:00-07:00,4,5
contact\index.html,24,html,d342f457,jacsea,2025-10-03,18:04:00,-07:00,2025-10-03T18:04:00-07:00,6,3
contact\index.html,25,html,d342f457,jacsea,2025-10-03,18:04:00,-07:00,2025-10-03T18:04:00-07:00,6,31
contact\index.html,26,html,d342f457,jacsea,2025-10-03,18:04:00,-07:00,2025-10-03T18:04:00-07:00,4,6
contact\index.html,27,html,d342f457,jacsea,2025-10-03,18:04:00,-07:00,2025-10-03T18:04:00-07:00,4,0
contact\index.html,28,html,12ed31be,jacsea,2025-10-08,19:15:16,-07:00,2025-10-08T19:15:16-07:00,4,19
contact\index.html,29,html,d342f457,jacsea,2025-10-03,18:04:00,-07:00,2025-10-03T18:04:00-07:00,2,5
contact\index.html,30,html,84b9392d,jacsea,2025-10-03,15:07:29,-07:00,2025-10-03T15:07:29-07:00,2,0
contact\index.html,31,html,84b9392d,jacsea,2025-10-03,15:07:29,-07:00,2025-10-03T15:07:29-07:00,0,5
contact\index.html,32,html,84b9392d,jacsea,2025-10-03,15:07:29,-07:00,2025-10-03T15:07:29-07:00,0,5
